SMP,SMS,SPI
1.0,0.39316790176926875,0.06754804350205465
0.3931679017692687,1.0,0.006458076244668323
0.06754804350205465,0.006458076244668323,1.0
