SMP,SMS,SPI
1.0,0.36962770009218476,0.049604207321019764
0.3696277000921847,1.0,0.004320000001074609
0.049604207321019764,0.004320000001074609,1.0
